name,days,date
a,20,2015-01-01
b,30,2015-01-12
c,40,2015-01-21
d,50,2015-02-12
e,23,2015-02-25
f,27,2015-02-26
g,35,2015-03-06
h,76,2015-03-15
i,21,2015-03-27
j,34,2015-04-01
k,12,2015-04-09
l,74,2015-04-19
m,42,2015-05-04
n,52,2015-05-13
o,31,2015-05-24
p,36,2015-06-01
q,26,2015-06-09
r,46,2015-06-16
s,28,2015-07-09
t,29,2015-07-12
u,30,2015-07-13
v,20,2015-08-16
w,40,2015-08-18
x,13,2015-08-22
y,46,2015-09-01
z,19,2015-09-09
aa,22,2015-09-19
bb,25,2015-10-01
cc,39,2015-10-10
dd,34,2015-10-23
ee,21,2015-11-01
ff,27,2015-11-11
gg,18,2015-11-23
hh,15,2015-12-01
ii,58,2015-12-12
jj,67,2015-12-24